siteID	sampleID	start_date	end_date	region	province	municipality	locality	latitude_WGS84	longitude_WGS84	habitat	biomass_grams	count
07	M07001	2018-04-04	2018-04-18	Götaland	Skåne	Kristianstads kommun	Trunelän, Degeberga	55.774553	14.121564	Grazed meadow at alder stand along stream	7,549	1211
07	M07002	2018-04-18	2018-05-01	Götaland	Skåne	Kristianstads kommun	Trunelän, Degeberga	55.774553	14.121564	Grazed meadow at alder stand along stream	22,150	16752
07	M07003	2018-05-01	2018-05-14	Götaland	Skåne	Kristianstads kommun	Trunelän, Degeberga	55.774553	14.121564	Grazed meadow at alder stand along stream	54,439	22213
07	M07004	2018-05-14	2018-05-23	Götaland	Skåne	Kristianstads kommun	Trunelän, Degeberga	55.774553	14.121564	Grazed meadow at alder stand along stream	66,221	23980
07	M07005	2018-05-23	2018-06-02	Götaland	Skåne	Kristianstads kommun	Trunelän, Degeberga	55.774553	14.121564	Grazed meadow at alder stand along stream	68,281	18468
07	M07006	2018-06-02	2018-06-08	Götaland	Skåne	Kristianstads kommun	Trunelän, Degeberga	55.774553	14.121564	Grazed meadow at alder stand along stream	53,286	13949
07	M07007	2018-06-08	2018-06-19	Götaland	Skåne	Kristianstads kommun	Trunelän, Degeberga	55.774553	14.121564	Grazed meadow at alder stand along stream	78,406	18939
07	M07008	2018-06-19	2018-06-28	Götaland	Skåne	Kristianstads kommun	Trunelän, Degeberga	55.774553	14.121564	Grazed meadow at alder stand along stream	50,007	12479
07	M07009	2018-06-28	2018-07-08	Götaland	Skåne	Kristianstads kommun	Trunelän, Degeberga	55.774553	14.121564	Grazed meadow at alder stand along stream	56,808	19013
07	M07010	2018-07-08	2018-07-15	Götaland	Skåne	Kristianstads kommun	Trunelän, Degeberga	55.774553	14.121564	Grazed meadow at alder stand along stream	33,719	10972
07	M07011	2018-07-15	2018-07-26	Götaland	Skåne	Kristianstads kommun	Trunelän, Degeberga	55.774553	14.121564	Grazed meadow at alder stand along stream	55,389	16979
07	M07012	2018-07-26	2018-08-04	Götaland	Skåne	Kristianstads kommun	Trunelän, Degeberga	55.774553	14.121564	Grazed meadow at alder stand along stream	23,435	6924
07	M07013	2018-08-04	2018-08-14	Götaland	Skåne	Kristianstads kommun	Trunelän, Degeberga	55.774553	14.121564	Grazed meadow at alder stand along stream	34,652	10861
07	M07014	2018-08-14	2018-08-23	Götaland	Skåne	Kristianstads kommun	Trunelän, Degeberga	55.774553	14.121564	Grazed meadow at alder stand along stream	35,338	9492
07	M07015	2018-08-23	2018-09-04	Götaland	Skåne	Kristianstads kommun	Trunelän, Degeberga	55.774553	14.121564	Grazed meadow at alder stand along stream	33,928	10233
07	M07016	2018-09-04	2018-09-16	Götaland	Skåne	Kristianstads kommun	Trunelän, Degeberga	55.774553	14.121564	Grazed meadow at alder stand along stream	15,886	7845
07	M07017	2018-09-16	2018-09-26	Götaland	Skåne	Kristianstads kommun	Trunelän, Degeberga	55.774553	14.121564	Grazed meadow at alder stand along stream	13,312	5838
07	M07018	2018-09-26	2018-10-06	Götaland	Skåne	Kristianstads kommun	Trunelän, Degeberga	55.774553	14.121564	Grazed meadow at alder stand along stream	10,268	3670
07	M07019	2018-10-06	2018-10-21	Götaland	Skåne	Kristianstads kommun	Trunelän, Degeberga	55.774553	14.121564	Grazed meadow at alder stand along stream	12,193	4248
07	M07020	2018-10-21	2018-11-06	Götaland	Skåne	Kristianstads kommun	Trunelän, Degeberga	55.774553	14.121564	Grazed meadow at alder stand along stream	5,774	1960
07	M07021	2018-11-06	2018-11-16	Götaland	Skåne	Kristianstads kommun	Trunelän, Degeberga	55.774553	14.121564	Grazed meadow at alder stand along stream	2,310	695
07	M07022	2018-11-16	2018-12-05	Götaland	Skåne	Kristianstads kommun	Trunelän, Degeberga	55.774553	14.121564	Grazed meadow at alder stand along stream	2,759	231
07	M07023	2018-12-05	2018-12-28	Götaland	Skåne	Kristianstads kommun	Trunelän, Degeberga	55.774553	14.121564	Grazed meadow at alder stand along stream	3,230	249
07	M07024	2018-12-28	2019-01-28	Götaland	Skåne	Kristianstads kommun	Trunelän, Degeberga	55.774553	14.121564	Grazed meadow at alder stand along stream	2,485	263
07	M07025	2019-01-28	2019-02-17	Götaland	Skåne	Kristianstads kommun	Trunelän, Degeberga	55.774553	14.121564	Grazed meadow at alder stand along stream	3,115	419
07	M07026	2019-02-17	2019-03-07	Götaland	Skåne	Kristianstads kommun	Trunelän, Degeberga	55.774553	14.121564	Grazed meadow at alder stand along stream	2,594	408
07	M07027	2019-03-07	2019-03-19	Götaland	Skåne	Kristianstads kommun	Trunelän, Degeberga	55.774553	14.121564	Grazed meadow at alder stand along stream	2,846	659
07	M07028	2019-03-19	2019-04-05	Götaland	Skåne	Kristianstads kommun	Trunelän, Degeberga	55.774553	14.121564	Grazed meadow at alder stand along stream	6,311	2294
07	M07029	2019-04-05	2019-04-17	Götaland	Skåne	Kristianstads kommun	Trunelän, Degeberga	55.774553	14.121564	Grazed meadow at alder stand along stream	3,931	2001
07	M07030	2019-04-17	2019-04-29	Götaland	Skåne	Kristianstads kommun	Trunelän, Degeberga	55.774553	14.121564	Grazed meadow at alder stand along stream	13,080	5332
07	M07999	2019-04-29	2019-05-09	Götaland	Skåne	Kristianstads kommun	Trunelän, Degeberga	55.774553	14.121564	Grazed meadow at alder stand along stream	10,996	4492
07	M07031	2019-05-09	2019-05-22	Götaland	Skåne	Kristianstads kommun	Trunelän, Degeberga	55.774553	14.121564	Grazed meadow at alder stand along stream	25,355	5455
07	M07032	2019-05-22	2019-05-31	Götaland	Skåne	Kristianstads kommun	Trunelän, Degeberga	55.774553	14.121564	Grazed meadow at alder stand along stream	51,919	7984
07	M07036	2019-05-31	2019-06-09	Götaland	Skåne	Kristianstads kommun	Trunelän, Degeberga	55.774553	14.121564	Grazed meadow at alder stand along stream	44,333	14458
07	M07035	2019-06-09	2019-06-18	Götaland	Skåne	Kristianstads kommun	Trunelän, Degeberga	55.774553	14.121564	Grazed meadow at alder stand along stream	29,390	11789
07	M07034	2019-06-18	2019-06-25	Götaland	Skåne	Kristianstads kommun	Trunelän, Degeberga	55.774553	14.121564	Grazed meadow at alder stand along stream	38,442	12566
07	M07033	2019-06-25	2019-07-11	Götaland	Skåne	Kristianstads kommun	Trunelän, Degeberga	55.774553	14.121564	Grazed meadow at alder stand along stream	85,708	34271
07	M07037	2019-07-11	2019-07-23	Götaland	Skåne	Kristianstads kommun	Trunelän, Degeberga	55.774553	14.121564	Grazed meadow at alder stand along stream	54,253	24082
07	M07038	2019-07-23	2019-08-01	Götaland	Skåne	Kristianstads kommun	Trunelän, Degeberga	55.774553	14.121564	Grazed meadow at alder stand along stream	53,734	20652
07	M07039	2019-08-01	2019-08-13	Götaland	Skåne	Kristianstads kommun	Trunelän, Degeberga	55.774553	14.121564	Grazed meadow at alder stand along stream	68,551	24386
07	M07040	2019-08-13	2019-08-25	Götaland	Skåne	Kristianstads kommun	Trunelän, Degeberga	55.774553	14.121564	Grazed meadow at alder stand along stream	41,807	12603
07	M07041	2019-08-25	2019-09-06	Götaland	Skåne	Kristianstads kommun	Trunelän, Degeberga	55.774553	14.121564	Grazed meadow at alder stand along stream	18,078	14414
07	M07042	2019-09-06	2019-09-19	Götaland	Skåne	Kristianstads kommun	Trunelän, Degeberga	55.774553	14.121564	Grazed meadow at alder stand along stream	11,670	6070
07	M07043	2019-09-19	2019-10-03	Götaland	Skåne	Kristianstads kommun	Trunelän, Degeberga	55.774553	14.121564	Grazed meadow at alder stand along stream	11,428	4467
07	M07044	2019-10-03	2019-10-28	Götaland	Skåne	Kristianstads kommun	Trunelän, Degeberga	55.774553	14.121564	Grazed meadow at alder stand along stream	15,133	6919
07	M07045	2019-10-28	2019-11-18	Götaland	Skåne	Kristianstads kommun	Trunelän, Degeberga	55.774553	14.121564	Grazed meadow at alder stand along stream	4,448	1447
07	M07046	2019-11-18	2019-12-03	Götaland	Skåne	Kristianstads kommun	Trunelän, Degeberga	55.774553	14.121564	Grazed meadow at alder stand along stream	2,421	515
07	M07047	2019-12-03	2019-12-18	Götaland	Skåne	Kristianstads kommun	Trunelän, Degeberga	55.774553	14.121564	Grazed meadow at alder stand along stream	3,553	4456
07	M07048	2019-12-18	2019-12-31	Götaland	Skåne	Kristianstads kommun	Trunelän, Degeberga	55.774553	14.121564	Grazed meadow at alder stand along stream	2,678	238
08	M08001	2018-04-20	2018-05-07	Götaland	Halland	Laholms kommun	Mästocka ljunghed nature reserve	56.610011	13.241988	Heathery heath	9,363	3317
08	M08002	2018-05-07	2018-05-21	Götaland	Halland	Laholms kommun	Mästocka ljunghed nature reserve	56.610011	13.241988	Heathery heath	29,231	15138
08	M08003	2018-05-21	2018-05-30	Götaland	Halland	Laholms kommun	Mästocka ljunghed nature reserve	56.610011	13.241988	Heathery heath	17,915	3522
08	M08004	2018-05-30	2018-06-12	Götaland	Halland	Laholms kommun	Mästocka ljunghed nature reserve	56.610011	13.241988	Heathery heath	27,524	3444
08	M08005	2018-06-12	2018-06-27	Götaland	Halland	Laholms kommun	Mästocka ljunghed nature reserve	56.610011	13.241988	Heathery heath	16,634	2646
08	M08006	2018-06-27	2018-07-03	Götaland	Halland	Laholms kommun	Mästocka ljunghed nature reserve	56.610011	13.241988	Heathery heath	8,87	1887
08	M08007	2018-07-03	2018-07-09	Götaland	Halland	Laholms kommun	Mästocka ljunghed nature reserve	56.610011	13.241988	Heathery heath	6,543	1042
08	M08008	2018-07-09	2018-07-29	Götaland	Halland	Laholms kommun	Mästocka ljunghed nature reserve	56.610011	13.241988	Heathery heath	28,165	5963
08	M08009	2018-07-29	2018-08-15	Götaland	Halland	Laholms kommun	Mästocka ljunghed nature reserve	56.610011	13.241988	Heathery heath	16,279	2367
08	M08010	2018-08-15	2018-09-19	Götaland	Halland	Laholms kommun	Mästocka ljunghed nature reserve	56.610011	13.241988	Heathery heath	20,308	4817
08	M08011	2018-09-19	2018-10-10	Götaland	Halland	Laholms kommun	Mästocka ljunghed nature reserve	56.610011	13.241988	Heathery heath	13,518	579
08	M08012	2018-10-10	2018-10-29	Götaland	Halland	Laholms kommun	Mästocka ljunghed nature reserve	56.610011	13.241988	Heathery heath	8,301	317
08	M08015	2018-12-20	2019-02-28	Götaland	Halland	Laholms kommun	Mästocka ljunghed nature reserve	56.610011	13.241988	Heathery heath	2,026	179
08	M08016	2019-02-28	2019-04-01	Götaland	Halland	Laholms kommun	Mästocka ljunghed nature reserve	56.610011	13.241988	Heathery heath	4,068	122
08	M08017	2019-04-01	2019-06-02	Götaland	Halland	Laholms kommun	Mästocka ljunghed nature reserve	56.610011	13.241988	Heathery heath	10,63	679
08	M08018	2019-06-02	2019-06-14	Götaland	Halland	Laholms kommun	Mästocka ljunghed nature reserve	56.610011	13.241988	Heathery heath	13,215	2120
08	M08019	2019-06-14	2019-06-23	Götaland	Halland	Laholms kommun	Mästocka ljunghed nature reserve	56.610011	13.241988	Heathery heath	13,031	2381
08	M08020	2019-06-23	2019-07-20	Götaland	Halland	Laholms kommun	Mästocka ljunghed nature reserve	56.610011	13.241988	Heathery heath	7,35	2210
08	M08021	2019-07-20	2019-08-05	Götaland	Halland	Laholms kommun	Mästocka ljunghed nature reserve	56.610011	13.241988	Heathery heath	35,329	6589
08	M08022	2019-08-05	2019-08-25	Götaland	Halland	Laholms kommun	Mästocka ljunghed nature reserve	56.610011	13.241988	Heathery heath	112,578	7324
08	M08023	2019-08-25	2019-09-15	Götaland	Halland	Laholms kommun	Mästocka ljunghed nature reserve	56.610011	13.241988	Heathery heath	22,296	3371
10	M10001	2018-05-18	2018-05-25	Götaland	Öland	Mörbylånga kommun	Ottenby	56.228285	16.441877	Oak grove	24,391	3685
10	M10002	2018-05-25	2018-06-01	Götaland	Öland	Mörbylånga kommun	Ottenby	56.228285	16.441877	Oak grove	31,14	4380
10	M10003	2018-06-01	2018-06-08	Götaland	Öland	Mörbylånga kommun	Ottenby	56.228285	16.441877	Oak grove	29,627	7893
10	M10004	2018-06-08	2018-06-20	Götaland	Öland	Mörbylånga kommun	Ottenby	56.228285	16.441877	Oak grove	76,921	33579
10	M10005	2018-06-20	2018-06-29	Götaland	Öland	Mörbylånga kommun	Ottenby	56.228285	16.441877	Oak grove	41,018	22790
10	M10006	2018-06-29	2018-07-06	Götaland	Öland	Mörbylånga kommun	Ottenby	56.228285	16.441877	Oak grove	29,857	10025
10	M10007	2018-07-06	2018-07-13	Götaland	Öland	Mörbylånga kommun	Ottenby	56.228285	16.441877	Oak grove	28,077	15524
10	M10008	2018-07-13	2018-07-20	Götaland	Öland	Mörbylånga kommun	Ottenby	56.228285	16.441877	Oak grove	89,87	47937
10	M10009	2018-07-20	2018-07-27	Götaland	Öland	Mörbylånga kommun	Ottenby	56.228285	16.441877	Oak grove	25,662	9746
10	M10010	2018-07-27	2018-08-03	Götaland	Öland	Mörbylånga kommun	Ottenby	56.228285	16.441877	Oak grove	12,848	3413
10	M10011	2018-08-03	2018-08-10	Götaland	Öland	Mörbylånga kommun	Ottenby	56.228285	16.441877	Oak grove	14,91	3843
10	M10012	2018-08-10	2018-08-17	Götaland	Öland	Mörbylånga kommun	Ottenby	56.228285	16.441877	Oak grove	16,771	3034
10	M10013	2018-08-17	2018-08-24	Götaland	Öland	Mörbylånga kommun	Ottenby	56.228285	16.441877	Oak grove	16,724	3076
10	M10014	2018-08-24	2018-08-31	Götaland	Öland	Mörbylånga kommun	Ottenby	56.228285	16.441877	Oak grove	14,523	3110
10	M10015	2018-08-31	2018-09-14	Götaland	Öland	Mörbylånga kommun	Ottenby	56.228285	16.441877	Oak grove	24,644	6601
10	M10016	2018-09-14	2018-09-26	Götaland	Öland	Mörbylånga kommun	Ottenby	56.228285	16.441877	Oak grove	9,119	3688
10	M10017	2018-09-26	2018-12-21	Götaland	Öland	Mörbylånga kommun	Ottenby	56.228285	16.441877	Oak grove	17,941	19353
10	M10018	2019-06-01	2019-07-14	Götaland	Öland	Mörbylånga kommun	Ottenby	56.228285	16.441877	Oak grove	164,91	31605
10	M10019	2019-07-14	2019-07-20	Götaland	Öland	Mörbylånga kommun	Ottenby	56.228285	16.441877	Oak grove	12,711	7068
10	M10020	2019-07-20	2019-08-12	Götaland	Öland	Mörbylånga kommun	Ottenby	56.228285	16.441877	Oak grove	38,505	10999
10	M10021	2019-08-12	2019-08-27	Götaland	Öland	Mörbylånga kommun	Ottenby	56.228285	16.441877	Oak grove	12,934	5805
10	M10022	2019-08-27	2019-09-26	Götaland	Öland	Mörbylånga kommun	Ottenby	56.228285	16.441877	Oak grove	20,818	3655
10	M10023	2019-08-27	2019-10-01	Götaland	Öland	Mörbylånga kommun	Ottenby	56.228285	16.441877	Oak grove	2,416	506
10	M10024	2019-10-01	2019-11-22	Götaland	Öland	Mörbylånga kommun	Ottenby	56.228285	16.441877	Oak grove	13,341	6554
10	M10025	2019-11-22	2019-12-31	Götaland	Öland	Mörbylånga kommun	Ottenby	56.228285	16.441877	Oak grove	8,067	2761
17	M17001	2018-03-28	2018-04-12	Götaland	Bohuslän	Sotenäs kommun	Bohus-Malmön	58.344196	11.334593	Coastal flat-rock	0,892	111
17	M17002	2018-04-12	2018-04-27	Götaland	Bohuslän	Sotenäs kommun	Bohus-Malmön	58.344196	11.334593	Coastal flat-rock	4,058	416
17	M17003	2018-04-27	2018-05-08	Götaland	Bohuslän	Sotenäs kommun	Bohus-Malmön	58.344196	11.334593	Coastal flat-rock	7,192	1633
17	M17004	2018-05-08	2018-05-17	Götaland	Bohuslän	Sotenäs kommun	Bohus-Malmön	58.344196	11.334593	Coastal flat-rock	10,059	2584
17	M17005	2018-05-17	2018-05-23	Götaland	Bohuslän	Sotenäs kommun	Bohus-Malmön	58.344196	11.334593	Coastal flat-rock	3,766	771
17	M17006	2018-05-23	2018-06-01	Götaland	Bohuslän	Sotenäs kommun	Bohus-Malmön	58.344196	11.334593	Coastal flat-rock	13,539	1673
17	M17007	2018-06-01	2018-06-11	Götaland	Bohuslän	Sotenäs kommun	Bohus-Malmön	58.344196	11.334593	Coastal flat-rock	7,334	1195
17	M17008	2018-06-11	2018-06-22	Götaland	Bohuslän	Sotenäs kommun	Bohus-Malmön	58.344196	11.334593	Coastal flat-rock	3,225	419
17	M17009	2018-06-22	2018-07-02	Götaland	Bohuslän	Sotenäs kommun	Bohus-Malmön	58.344196	11.334593	Coastal flat-rock	5,367	807
17	M17010	2018-07-02	2018-07-14	Götaland	Bohuslän	Sotenäs kommun	Bohus-Malmön	58.344196	11.334593	Coastal flat-rock	8,885	1333
17	M17011	2018-07-14	2018-07-25	Götaland	Bohuslän	Sotenäs kommun	Bohus-Malmön	58.344196	11.334593	Coastal flat-rock	5,331	600
17	M17012	2018-07-25	2018-08-09	Götaland	Bohuslän	Sotenäs kommun	Bohus-Malmön	58.344196	11.334593	Coastal flat-rock	8,64	690
17	M17013	2018-08-09	2018-08-22	Götaland	Bohuslän	Sotenäs kommun	Bohus-Malmön	58.344196	11.334593	Coastal flat-rock	4,894	333
17	M17014	2018-08-22	2018-09-03	Götaland	Bohuslän	Sotenäs kommun	Bohus-Malmön	58.344196	11.334593	Coastal flat-rock	2,395	660
17	M17015	2018-09-03	2018-09-17	Götaland	Bohuslän	Sotenäs kommun	Bohus-Malmön	58.344196	11.334593	Coastal flat-rock	4,203	405
17	M17016	2018-09-17	2018-10-09	Götaland	Bohuslän	Sotenäs kommun	Bohus-Malmön	58.344196	11.334593	Coastal flat-rock	2,819	173
17	M17017	2018-10-09	2018-10-19	Götaland	Bohuslän	Sotenäs kommun	Bohus-Malmön	58.344196	11.334593	Coastal flat-rock	1,636	254
17	M17018	2018-10-19	2019-02-05	Götaland	Bohuslän	Sotenäs kommun	Bohus-Malmön	58.344196	11.334593	Coastal flat-rock	1,73	479
17	M17019	2019-02-05	2019-04-13	Götaland	Bohuslän	Sotenäs kommun	Bohus-Malmön	58.344196	11.334593	Coastal flat-rock	1,602	255
17	M17020	2019-04-13	2019-05-14	Götaland	Bohuslän	Sotenäs kommun	Bohus-Malmön	58.344196	11.334593	Coastal flat-rock	5,506	1299
17	M17021	2019-05-14	2019-06-06	Götaland	Bohuslän	Sotenäs kommun	Bohus-Malmön	58.344196	11.334593	Coastal flat-rock	5,65	984
17	M17022	2019-06-06	2019-08-24	Götaland	Bohuslän	Sotenäs kommun	Bohus-Malmön	58.344196	11.334593	Coastal flat-rock	22,678	3248
17	M17023	2019-08-24	2019-09-20	Götaland	Bohuslän	Sotenäs kommun	Bohus-Malmön	58.344196	11.334593	Coastal flat-rock	17,017	4723
17	M17024	2019-09-20	2019-10-21	Götaland	Bohuslän	Sotenäs kommun	Bohus-Malmön	58.344196	11.334593	Coastal flat-rock	2,944	970
17	M17025	2019-10-21	2019-12-19	Götaland	Bohuslän	Sotenäs kommun	Bohus-Malmön	58.344196	11.334593	Coastal flat-rock	1,99	826
24	M24001	2018-05-05	2018-05-20	Norrland	Västerbotten	Umeå kommun	Holmön	63.795572	20.897138	Primeval spruce forest	37,721	3674
24	M24002	2018-05-20	2018-05-28	Norrland	Västerbotten	Umeå kommun	Holmön	63.795572	20.897138	Primeval spruce forest	12,942	1488
24	M24003	2018-05-28	2018-06-03	Norrland	Västerbotten	Umeå kommun	Holmön	63.795572	20.897138	Primeval spruce forest	14,744	2384
24	M24004	2018-06-03	2018-06-11	Norrland	Västerbotten	Umeå kommun	Holmön	63.795572	20.897138	Primeval spruce forest	18,835	3583
24	M24005	2018-06-11	2018-06-18	Norrland	Västerbotten	Umeå kommun	Holmön	63.795572	20.897138	Primeval spruce forest	21,333	2211
24	M24006	2018-06-18	2018-06-24	Norrland	Västerbotten	Umeå kommun	Holmön	63.795572	20.897138	Primeval spruce forest	16,721	1565
24	M24010	2018-06-24	2018-07-01	Norrland	Västerbotten	Umeå kommun	Holmön	63.795572	20.897138	Primeval spruce forest	7,872	1793
24	M24008	2018-07-01	2018-07-08	Norrland	Västerbotten	Umeå kommun	Holmön	63.795572	20.897138	Primeval spruce forest	23,216	1715
24	M24009	2018-07-08	2018-07-10	Norrland	Västerbotten	Umeå kommun	Holmön	63.795572	20.897138	Primeval spruce forest	34,922	1502
24	M24007	2018-07-10	2018-07-13	Norrland	Västerbotten	Umeå kommun	Holmön	63.795572	20.897138	Primeval spruce forest	18,062	3413
24	M24011	2018-07-13	2018-07-21	Norrland	Västerbotten	Umeå kommun	Holmön	63.795572	20.897138	Primeval spruce forest	39,1	5178
24	M24012	2018-07-21	2018-07-26	Norrland	Västerbotten	Umeå kommun	Holmön	63.795572	20.897138	Primeval spruce forest	29,64	2879
24	M24013	2018-07-26	2018-08-05	Norrland	Västerbotten	Umeå kommun	Holmön	63.795572	20.897138	Primeval spruce forest	33,272	3708
24	M24014	2018-08-05	2018-08-15	Norrland	Västerbotten	Umeå kommun	Holmön	63.795572	20.897138	Primeval spruce forest	23,141	2643
24	M24015	2018-08-15	2018-08-27	Norrland	Västerbotten	Umeå kommun	Holmön	63.795572	20.897138	Primeval spruce forest	20,392	3674
24	M24016	2018-08-27	2018-09-16	Norrland	Västerbotten	Umeå kommun	Holmön	63.795572	20.897138	Primeval spruce forest	17,548	4449
24	M24017	2018-09-16	2018-10-11	Norrland	Västerbotten	Umeå kommun	Holmön	63.795572	20.897138	Primeval spruce forest	6,013	1426
24	M24018	2018-10-11	2018-11-14	Norrland	Västerbotten	Umeå kommun	Holmön	63.795572	20.897138	Primeval spruce forest	2,929	813
24	M24019	2018-11-14	2018-12-26	Norrland	Västerbotten	Umeå kommun	Holmön	63.795573	20.897139	Primeval spruce forest	0,849	620
24	M24020	2018-12-26	2019-03-01	Norrland	Västerbotten	Umeå kommun	Holmön	63.795573	20.897139	Primeval spruce forest	0,531	254
24	M24021	2019-03-01	2019-03-31	Norrland	Västerbotten	Umeå kommun	Holmön	63.795573	20.897139	Primeval spruce forest	0,484	99
24	M24022	2019-03-31	2019-04-14	Norrland	Västerbotten	Umeå kommun	Holmön	63.795573	20.897139	Primeval spruce forest	1,708	83
24	M24023	2019-04-14	2019-04-28	Norrland	Västerbotten	Umeå kommun	Holmön	63.795574	20.897140	Primeval spruce forest	1,985	64
24	M24024	2019-04-28	2019-05-11	Norrland	Västerbotten	Umeå kommun	Holmön	63.795574	20.897140	Primeval spruce forest	4,991	469
24	M24025	2019-05-11	2019-05-17	Norrland	Västerbotten	Umeå kommun	Holmön	63.795574	20.897140	Primeval spruce forest	4,404	974
24	M24026	2019-05-17	2019-06-01	Norrland	Västerbotten	Umeå kommun	Holmön	63.795574	20.897140	Primeval spruce forest	16,702	2168
24	M24027	2019-06-01	2019-06-14	Norrland	Västerbotten	Umeå kommun	Holmön	63.795575	20.897141	Primeval spruce forest	26,122	5232
24	M24028	2019-06-14	2019-06-23	Norrland	Västerbotten	Umeå kommun	Holmön	63.795575	20.897141	Primeval spruce forest	22,463	5304
24	M24029	2019-06-23	2019-07-04	Norrland	Västerbotten	Umeå kommun	Holmön	63.795575	20.897141	Primeval spruce forest	35,037	7403
24	M24030	2019-07-04	2019-07-10	Norrland	Västerbotten	Umeå kommun	Holmön	63.795572	20.897138	Primeval spruce forest	11,271	2496
24	M24031	2019-07-10	2019-07-16	Norrland	Västerbotten	Umeå kommun	Holmön	63.795572	20.897138	Primeval spruce forest	31,053	3715
24	M24032	2019-07-16	2019-07-26	Norrland	Västerbotten	Umeå kommun	Holmön	63.795572	20.897138	Primeval spruce forest	36,403	8781
24	M24033	2019-07-26	2019-08-04	Norrland	Västerbotten	Umeå kommun	Holmön	63.795572	20.897138	Primeval spruce forest	22,432	5188
24	M24034	2019-08-04	2019-08-11	Norrland	Västerbotten	Umeå kommun	Holmön	63.795572	20.897138	Primeval spruce forest	14,432	4648
24	M24035	2019-08-11	2019-08-17	Norrland	Västerbotten	Umeå kommun	Holmön	63.795572	20.897138	Primeval spruce forest	12,658	3833
24	M24036	2019-08-17	2019-08-25	Norrland	Västerbotten	Umeå kommun	Holmön	63.795572	20.897138	Primeval spruce forest	12,163	3295
24	M24037	2019-08-25	2019-09-09	Norrland	Västerbotten	Umeå kommun	Holmön	63.795572	20.897138	Primeval spruce forest	18,89	6205
24	M24038	2019-09-09	2019-09-20	Norrland	Västerbotten	Umeå kommun	Holmön	63.795572	20.897138	Primeval spruce forest	13,062	3738
24	M24039	2019-09-20	2019-10-21	Norrland	Västerbotten	Umeå kommun	Holmön	63.795572	20.897138	Primeval spruce forest	11,224	4287
24	M24040	2019-10-21	2019-11-14	Norrland	Västerbotten	Umeå kommun	Holmön	63.795572	20.897138	Primeval spruce forest	9,163	3540
24	M24041	2019-11-14	2020-01-04	Norrland	Västerbotten	Umeå kommun	Holmön	63.795572	20.897138	Primeval spruce forest	2,032	158
33	M33001	2018-06-03	2018-07-03	Norrland	Lappland	Kiruna kommun	Abisko, Nuolja	68.363449	18.763011	Birch forest	18,881	6174
33	M33002	2018-07-03	2018-07-10	Norrland	Lappland	Kiruna kommun	Abisko, Nuolja	68.363449	18.763011	Birch forest	12,266	3788
33	M33003	2018-07-10	2018-07-20	Norrland	Lappland	Kiruna kommun	Abisko, Nuolja	68.363449	18.763011	Birch forest	37,982	9784
33	M33004	2018-07-20	2018-07-29	Norrland	Lappland	Kiruna kommun	Abisko, Nuolja	68.363449	18.763011	Birch forest	29,838	7625
33	M33005	2018-07-29	2018-08-07	Norrland	Lappland	Kiruna kommun	Abisko, Nuolja	68.363449	18.763011	Birch forest	27,763	5519
33	M33006	2018-08-07	2018-08-14	Norrland	Lappland	Kiruna kommun	Abisko, Nuolja	68.363449	18.763011	Birch forest	15,7	5098
33	M33007	2018-08-14	2018-08-21	Norrland	Lappland	Kiruna kommun	Abisko, Nuolja	68.363449	18.763011	Birch forest	22,412	4801
33	M33008	2018-08-21	2018-08-30	Norrland	Lappland	Kiruna kommun	Abisko, Nuolja	68.363449	18.763011	Birch forest	12,698	3253
33	M33009	2018-08-30	2018-09-07	Norrland	Lappland	Kiruna kommun	Abisko, Nuolja	68.363449	18.763011	Birch forest	9,058	2595
33	M33010	2018-09-07	2018-09-17	Norrland	Lappland	Kiruna kommun	Abisko, Nuolja	68.363449	18.763011	Birch forest	7,055	2374
33	M33011	2018-09-17	2018-09-25	Norrland	Lappland	Kiruna kommun	Abisko, Nuolja	68.363449	18.763011	Birch forest	5,279	1814
33	M33012	2018-09-25	2018-10-04	Norrland	Lappland	Kiruna kommun	Abisko, Nuolja	68.363449	18.763011	Birch forest	2,945	329
33	M33013	2018-10-04	2019-05-27	Norrland	Lappland	Kiruna kommun	Abisko, Nuolja	68.363449	18.763011	Birch forest	23,974	3698
33	M33014	2019-05-27	2019-06-16	Norrland	Lappland	Kiruna kommun	Abisko, Nuolja	68.363449	18.763011	Birch forest	53,148	27244
33	M33015	2019-06-16	2019-07-04	Norrland	Lappland	Kiruna kommun	Abisko, Nuolja	68.363449	18.763011	Birch forest	59,946	27217
33	M33016	2019-07-04	2019-07-14	Norrland	Lappland	Kiruna kommun	Abisko, Nuolja	68.363449	18.763011	Birch forest	34,363	9253
33	M33017	2019-07-14	2019-07-27	Norrland	Lappland	Kiruna kommun	Abisko, Nuolja	68.363449	18.763011	Birch forest	74,785	21936
33	M33018	2019-07-27	2019-08-11	Norrland	Lappland	Kiruna kommun	Abisko, Nuolja	68.363449	18.763011	Birch forest	25,608	9975
33	M33019	2019-08-11	2019-08-25	Norrland	Lappland	Kiruna kommun	Abisko, Nuolja	68.363449	18.763011	Birch forest	23,173	15134
33	M33020	2019-08-25	2019-09-04	Norrland	Lappland	Kiruna kommun	Abisko, Nuolja	68.363449	18.763011	Birch forest	17,261	9619
33	M33021	2019-09-04	2019-09-18	Norrland	Lappland	Kiruna kommun	Abisko, Nuolja	68.363449	18.763011	Birch forest	9,642	3073
33	M33022	2019-09-18	2019-09-27	Norrland	Lappland	Kiruna kommun	Abisko, Nuolja	68.363449	18.763011	Birch forest	2,92	401
38	M38001	2018-06-01	2018-06-15	Norrland	Lappland	Sorsele kommun	Ammarnäs	65.957289	16.205235	Salix shrubbery behind hotel	14,298	9686
38	M38002	2018-06-15	2018-07-02	Norrland	Lappland	Sorsele kommun	Ammarnäs	65.957289	16.205235	Salix shrubbery behind hotel	23,934	8748
38	M38003	2018-07-02	2018-07-22	Norrland	Lappland	Sorsele kommun	Ammarnäs	65.957289	16.205235	Salix shrubbery behind hotel	164,017	45291
38	M38004	2018-07-22	2018-08-17	Norrland	Lappland	Sorsele kommun	Ammarnäs	65.957289	16.205235	Salix shrubbery behind hotel	16,221	6984
38	M38005	2018-08-17	2018-09-07	Norrland	Lappland	Sorsele kommun	Ammarnäs	65.957289	16.205235	Salix shrubbery behind hotel	12,145	5649
38	M38006	2018-09-07	2018-09-28	Norrland	Lappland	Sorsele kommun	Ammarnäs	65.957289	16.205235	Salix shrubbery behind hotel	4,336	1211
38	M38007	2018-09-28	2018-10-19	Norrland	Lappland	Sorsele kommun	Ammarnäs	65.957289	16.205235	Salix shrubbery behind hotel	3,922	721
38	M38008	2018-10-19	2018-11-09	Norrland	Lappland	Sorsele kommun	Ammarnäs	65.957289	16.205235	Salix shrubbery behind hotel	1,817	50
38	M38009	2018-11-09	2018-12-15	Norrland	Lappland	Sorsele kommun	Ammarnäs	65.957289	16.205235	Salix shrubbery behind hotel	2,811	766
38	M38010	2018-12-15	2019-05-22	Norrland	Lappland	Sorsele kommun	Ammarnäs	65.957289	16.205235	Salix shrubbery behind hotel	8,145	1889
38	M38011	2019-05-22	2019-05-29	Norrland	Lappland	Sorsele kommun	Ammarnäs	65.957289	16.205235	Salix shrubbery behind hotel	3,385	1273
38	M38012	2019-05-29	2019-06-05	Norrland	Lappland	Sorsele kommun	Ammarnäs	65.957289	16.205235	Salix shrubbery behind hotel	6,083	2370
38	M38013	2019-06-05	2019-06-11	Norrland	Lappland	Sorsele kommun	Ammarnäs	65.957289	16.205235	Salix shrubbery behind hotel	6,995	4274
38	M38014	2019-06-11	2019-06-19	Norrland	Lappland	Sorsele kommun	Ammarnäs	65.957289	16.205235	Salix shrubbery behind hotel	19,734	8018
38	M38015	2019-06-19	2019-06-27	Norrland	Lappland	Sorsele kommun	Ammarnäs	65.957289	16.205235	Salix shrubbery behind hotel	9,39	3847
38	M38016	2019-06-27	2019-07-04	Norrland	Lappland	Sorsele kommun	Ammarnäs	65.957289	16.205235	Salix shrubbery behind hotel	8,104	3031
38	M38017	2019-07-04	2019-07-11	Norrland	Lappland	Sorsele kommun	Ammarnäs	65.957289	16.205235	Salix shrubbery behind hotel	26,694	6618
38	M38018	2019-07-11	2019-07-18	Norrland	Lappland	Sorsele kommun	Ammarnäs	65.957289	16.205235	Salix shrubbery behind hotel	23,81	6012
38	M38019	2019-07-18	2019-07-25	Norrland	Lappland	Sorsele kommun	Ammarnäs	65.957289	16.205235	Salix shrubbery behind hotel	34,629	9417
38	M38020	2019-07-25	2019-08-01	Norrland	Lappland	Sorsele kommun	Ammarnäs	65.957289	16.205235	Salix shrubbery behind hotel	32,644	12782
38	M38021	2019-08-01	2019-08-09	Norrland	Lappland	Sorsele kommun	Ammarnäs	65.957289	16.205235	Salix shrubbery behind hotel	21,528	12341
38	M38022	2019-08-09	2019-08-16	Norrland	Lappland	Sorsele kommun	Ammarnäs	65.957289	16.205235	Salix shrubbery behind hotel	9,955	3114
38	M38023	2019-08-16	2019-08-29	Norrland	Lappland	Sorsele kommun	Ammarnäs	65.957289	16.205235	Salix shrubbery behind hotel	26,633	17425
38	M38024	2019-08-29	2019-09-12	Norrland	Lappland	Sorsele kommun	Ammarnäs	65.957289	16.205235	Salix shrubbery behind hotel	17,702	9148
38	M38025	2019-09-12	2019-10-04	Norrland	Lappland	Sorsele kommun	Ammarnäs	65.957289	16.205235	Salix shrubbery behind hotel	5,927	2403
38	M38026	2019-10-04	2020-02-11	Norrland	Lappland	Sorsele kommun	Ammarnäs	65.957289	16.205235	Salix shrubbery behind hotel	1,672	1134
46	M46001	2018-07-04	2018-07-12	Götaland	Öland	Mörbylånga kommun	Station Linné	56.619528	16.498101	Road-side in rural landscape	67,323	2694
46	M46002	2018-07-12	2018-07-20	Götaland	Öland	Mörbylånga kommun	Station Linné	56.619528	16.498101	Road-side in rural landscape	60,755	10120
46	M46003	2018-07-20	2018-07-31	Götaland	Öland	Mörbylånga kommun	Station Linné	56.619528	16.498101	Road-side in rural landscape	40,71	9323
46	M46004	2018-07-31	2018-08-30	Götaland	Öland	Mörbylånga kommun	Station Linné	56.619528	16.498101	Road-side in rural landscape	59,163	9609
46	M46005	2018-08-30	2018-10-15	Götaland	Öland	Mörbylånga kommun	Station Linné	56.619528	16.498101	Road-side in rural landscape	27,389	9953
46	M46006	2018-10-15	2019-01-01	Götaland	Öland	Mörbylånga kommun	Station Linné	56.619528	16.498101	Road-side in rural landscape	4,663	693
46	M46007	2019-01-01	2019-04-16	Götaland	Öland	Mörbylånga kommun	Station Linné	56.619528	16.498101	Road-side in rural landscape	5,484	951
46	M46008	2019-05-17	2019-06-10	Götaland	Öland	Mörbylånga kommun	Station Linné	56.619528	16.498101	Road-side in rural landscape	52,918	9396
46	M46009	2019-06-10	2019-06-29	Götaland	Öland	Mörbylånga kommun	Station Linné	56.619528	16.498101	Road-side in rural landscape	65,046	11736
46	M46010	2019-06-29	2019-07-14	Götaland	Öland	Mörbylånga kommun	Station Linné	56.619528	16.498101	Road-side in rural landscape	49,705	6722
46	M46011	2019-07-14	2019-08-08	Götaland	Öland	Mörbylånga kommun	Station Linné	56.619528	16.498101	Road-side in rural landscape	41,953	11684
46	M46013	2019-08-26	2019-09-17	Götaland	Öland	Mörbylånga kommun	Station Linné	56.619528	16.498101	Road-side in rural landscape	27,198	4774
46	M46014	2019-09-17	2019-10-15	Götaland	Öland	Mörbylånga kommun	Station Linné	56.619528	16.498101	Road-side in rural landscape	14,697	2514
46	M46015	2019-10-15	2019-11-22	Götaland	Öland	Mörbylånga kommun	Station Linné	56.619528	16.498101	Road-side in rural landscape	7,46	1551
46	M46016	2019-11-22	2019-12-31	Götaland	Öland	Mörbylånga kommun	Station Linné	56.619528	16.498101	Road-side in rural landscape	1,231	671